Skid,Item,Description,Warehouse,Location,Ifecha,On Hand,Std,Status_de_surtido,Company
374008,FLX-CHE-ADH-H00167,"ACCER,HENKEL-7387,BTL,52ml",300380,UBICAR,02/01/2026 00:00:00,0,17.84,Surtido,300
372193,FLX-CHE-CLN-H00077,"CLNR,VIGON-SC200,PAIL,25L",300380,UBICAR,06/02/2028 20:37:00,25,31.712,En stock,300
420703,FLX-CHE-ADH-H00167,"ACCER,HENKEL-7387,BTL,52ml",300380,UBICAR,02/01/2026 00:00:00,0,17.84,Surtido,300
420705,FLX-CHE-ADH-H00167,"ACCER,HENKEL-7387,BTL,52ml",300380,UBICAR,01/02/2026 10:17:29,1,17.84,En stock,300
420708,FLX-CHE-ADH-H00167,"ACCER,HENKEL-7387,BTL,52ml",300380,UBICAR,02/01/2026 00:00:00,1,17.84,En stock,300
420714,FLX-CHE-ADH-H00167,"ACCER,HENKEL-7387,BTL,52ml",300380,UBICAR,02/01/2026 00:00:00,1,17.84,En stock,300
462756,FLX-SDR-WIR-H00110,"SAC305,0.5mm,802,1.8-2.5%,N,0.",300380,UBICAR,28/02/2034 15:28:00,1,18.4131,En stock,300
462792,FLX-SDR-WIR-H00110,"SAC305,0.5mm,802,1.8-2.5%,N,0.",300380,UBICAR,28/02/2034 15:28:00,1,18.4131,En stock,300
462806,FLX-SDR-WIR-H00110,"SAC305,0.5mm,802,1.8-2.5%,N,0.",300380,UBICAR,28/02/2034 15:28:00,1,18.4131,En stock,300
462826,FLX-SDR-WIR-H00110,"SAC305,0.5mm,802,1.8-2.5%,N,0.",300380,UBICAR,28/02/2034 15:29:00,1,18.4131,En stock,300
462829,FLX-SDR-WIR-H00110,"SAC305,0.5mm,802,1.8-2.5%,N,0.",300380,UBICAR,28/02/2034 15:29:00,1,18.4131,En stock,300
462836,FLX-SDR-WIR-H00110,"SAC305,0.5mm,802,1.8-2.5%,N,0.",300380,UBICAR,28/02/2034 15:29:00,1,18.4131,En stock,300
462842,FLX-SDR-WIR-H00110,"SAC305,0.5mm,802,1.8-2.5%,N,0.",300380,UBICAR,28/02/2034 15:29:00,1,18.4131,En stock,300
479638,FLX-CHE-CLN-H00129,"CLNR,3M-62961549305,SPRAY,18.5",300380,UBICAR,04/03/2026 03:16:00,1,26.6,En stock,300
479646,FLX-CHE-CLN-H00129,"CLNR,3M-62961549305,SPRAY,18.5",300380,UBICAR,03/04/2026 03:16:00,1,26.6,En stock,300
479653,FLX-CHE-CLN-H00129,"CLNR,3M-62961549305,SPRAY,18.5",300380,UBICAR,03/04/2026 03:17:00,1,26.6,En stock,300
495058,FLX-CHE-CLN-H00077,"CLNR,VIGON-SC200,PAIL,25L",300380,UBICAR,12/06/2029 22:38:00,25,31.712,En stock,300
518923,FLX-CHE-CFM-N00124,ARATHANE 5750 A/B LV QT KIT H,300380,UBICAR,30/07/2025 22:56:00,1,320.0,En stock,300
518924,FLX-CHE-CFM-N00124,ARATHANE 5750 A/B LV QT KIT H,300380,UBICAR,30/07/2025 22:56:00,1,320.0,En stock,300
518925,FLX-CHE-CFM-N00124,ARATHANE 5750 A/B LV QT KIT H,300380,UBICAR,30/07/2025 22:56:00,1,320.0,En stock,300
518926,FLX-CHE-CFM-N00124,ARATHANE 5750 A/B LV QT KIT H,300380,UBICAR,30/07/2025 22:56:00,1,320.0,En stock,300
518927,FLX-CHE-CFM-N00124,ARATHANE 5750 A/B LV QT KIT H,300380,UBICAR,30/07/2025 22:56:00,1,320.0,En stock,300
523213,FLX-CHE-OTH-N00142,"REFRG,SILICONES-E-27,SPRYCAN,1",300380,UBICAR,,1,6.878789,En stock,300
523280,FLX-CHE-OTH-N00142,"REFRG,SILICONES-E-27,SPRYCAN,1",300380,UBICAR,,1,6.878789,En stock,300
523282,FLX-CHE-OTH-N00142,"REFRG,SILICONES-E-27,SPRYCAN,1",300380,UBICAR,,1,6.878789,En stock,300
523283,FLX-CHE-OTH-N00142,"REFRG,SILICONES-E-27,SPRYCAN,1",300380,UBICAR,,1,6.878789,En stock,300
523291,FLX-CHE-OTH-N00142,"REFRG,SILICONES-E-27,SPRYCAN,1",300380,UBICAR,,1,6.878789,En stock,300
505523,FLX-SDR-WIR-N00034,"Sn63Pb37,KESTER-245,0.8mm,245,",300380,UBICAR,24/06/2027 21:54:00,1,31.67809,En stock,300
505525,FLX-SDR-WIR-N00034,"Sn63Pb37,KESTER-245,0.8mm,245,",300380,UBICAR,24/06/2027 21:54:00,1,31.67809,En stock,300
505527,FLX-SDR-WIR-N00034,"Sn63Pb37,KESTER-245,0.8mm,245,",300380,UBICAR,24/06/2027 21:54:00,1,31.67809,En stock,300
505529,FLX-SDR-WIR-N00034,"Sn63Pb37,KESTER-245,0.8mm,245,",300380,UBICAR,24/06/2027 21:54:00,1,31.67809,En stock,300
505530,FLX-SDR-WIR-N00034,"Sn63Pb37,KESTER-245,0.8mm,245,",300380,UBICAR,24/06/2027 21:55:00,1,31.67809,En stock,300
505545,FLX-SDR-WIR-N00034,"Sn63Pb37,KESTER-245,0.8mm,245,",300380,UBICAR,24/06/2027 21:55:00,1,31.67809,En stock,300
510865,FLX-CHE-ADH-H02642,"ZYMET,UA-2605-BT2,SYR,30,CC;AD",300380,UBICAR,16/01/2026 00:39:00,1,114.74,En stock,300
510866,FLX-CHE-ADH-H02642,"ZYMET,UA-2605-BT2,SYR,30,CC;AD",300380,UBICAR,16/01/2026 00:39:00,1,114.74,En stock,300
510867,FLX-CHE-ADH-H02642,"ZYMET,UA-2605-BT2,SYR,30,CC;AD",300380,UBICAR,16/01/2026 00:39:00,1,114.74,En stock,300
510868,FLX-CHE-ADH-H02642,"ZYMET,UA-2605-BT2,SYR,30,CC;AD",300380,UBICAR,16/01/2026 00:39:00,1,114.74,En stock,300
510869,FLX-CHE-ADH-H02642,"ZYMET,UA-2605-BT2,SYR,30,CC;AD",300380,UBICAR,16/01/2026 00:39:00,1,114.74,En stock,300
510870,FLX-CHE-ADH-H02642,"ZYMET,UA-2605-BT2,SYR,30,CC;AD",300380,UBICAR,16/01/2026 00:39:00,1,114.74,En stock,300
510871,FLX-CHE-ADH-H02642,"ZYMET,UA-2605-BT2,SYR,30,CC;AD",300380,UBICAR,16/01/2026 00:39:00,1,114.74,En stock,300
510872,FLX-CHE-ADH-H02642,"ZYMET,UA-2605-BT2,SYR,30,CC;AD",300380,UBICAR,16/01/2026 00:39:00,1,114.74,En stock,300
510873,FLX-CHE-ADH-H02642,"ZYMET,UA-2605-BT2,SYR,30,CC;AD",300380,UBICAR,16/01/2026 00:39:00,1,114.74,En stock,300
510874,FLX-CHE-ADH-H02642,"ZYMET,UA-2605-BT2,SYR,30,CC;AD",300380,UBICAR,16/01/2026 00:39:00,1,114.74,En stock,300
510875,FLX-CHE-ADH-H02642,"ZYMET,UA-2605-BT2,SYR,30,CC;AD",300380,UBICAR,16/01/2026 00:39:00,1,114.74,En stock,300
510876,FLX-CHE-ADH-H02642,"ZYMET,UA-2605-BT2,SYR,30,CC;AD",300380,UBICAR,16/01/2026 00:39:00,1,114.74,En stock,300
510877,FLX-CHE-ADH-H02642,"ZYMET,UA-2605-BT2,SYR,30,CC;AD",300380,UBICAR,16/01/2026 00:39:00,1,114.74,En stock,300
510878,FLX-CHE-ADH-H02642,"ZYMET,UA-2605-BT2,SYR,30,CC;AD",300380,UBICAR,16/01/2026 00:39:00,1,114.74,En stock,300
510879,FLX-CHE-ADH-H02642,"ZYMET,UA-2605-BT2,SYR,30,CC;AD",300380,UBICAR,16/01/2026 00:39:00,1,114.74,En stock,300
510880,FLX-CHE-ADH-H02642,"ZYMET,UA-2605-BT2,SYR,30,CC;AD",300380,UBICAR,16/01/2026 00:39:00,1,114.74,En stock,300
510881,FLX-CHE-ADH-H02642,"ZYMET,UA-2605-BT2,SYR,30,CC;AD",300380,UBICAR,16/01/2026 00:39:00,1,114.74,En stock,300
510882,FLX-CHE-ADH-H02642,"ZYMET,UA-2605-BT2,SYR,30,CC;AD",300380,UBICAR,16/01/2026 00:39:00,1,114.74,En stock,300
510883,FLX-CHE-ADH-H02642,"ZYMET,UA-2605-BT2,SYR,30,CC;AD",300380,UBICAR,16/01/2026 00:39:00,1,114.74,En stock,300
510884,FLX-CHE-ADH-H02642,"ZYMET,UA-2605-BT2,SYR,30,CC;AD",300380,UBICAR,16/01/2026 00:39:00,1,114.74,En stock,300
510885,FLX-CHE-ADH-H02642,"ZYMET,UA-2605-BT2,SYR,30,CC;AD",300380,UBICAR,16/01/2026 00:39:00,1,114.74,En stock,300
510886,FLX-CHE-ADH-H02642,"ZYMET,UA-2605-BT2,SYR,30,CC;AD",300380,UBICAR,16/01/2026 00:39:00,1,114.74,En stock,300
510887,FLX-CHE-ADH-H02642,"ZYMET,UA-2605-BT2,SYR,30,CC;AD",300380,UBICAR,16/01/2026 00:39:00,1,114.74,En stock,300
510888,FLX-CHE-ADH-H02642,"ZYMET,UA-2605-BT2,SYR,30,CC;AD",300380,UBICAR,16/01/2026 00:39:00,1,114.74,En stock,300
510889,FLX-CHE-ADH-H02642,"ZYMET,UA-2605-BT2,SYR,30,CC;AD",300380,UBICAR,16/01/2026 00:39:00,1,114.74,En stock,300
510890,FLX-CHE-ADH-H02642,"ZYMET,UA-2605-BT2,SYR,30,CC;AD",300380,UBICAR,16/01/2026 00:39:00,1,114.74,En stock,300
510891,FLX-CHE-ADH-H02642,"ZYMET,UA-2605-BT2,SYR,30,CC;AD",300380,UBICAR,16/01/2026 00:39:00,1,114.74,En stock,300
510893,FLX-CHE-ADH-H02642,"ZYMET,UA-2605-BT2,SYR,30,CC;AD",300380,UBICAR,16/01/2026 00:39:00,1,114.74,En stock,300
510894,FLX-CHE-ADH-H02642,"ZYMET,UA-2605-BT2,SYR,30,CC;AD",300380,UBICAR,16/01/2026 00:39:00,1,114.74,En stock,300
510895,FLX-CHE-ADH-H02642,"ZYMET,UA-2605-BT2,SYR,30,CC;AD",300380,UBICAR,16/01/2026 00:39:00,1,114.74,En stock,300
510896,FLX-CHE-ADH-H02642,"ZYMET,UA-2605-BT2,SYR,30,CC;AD",300380,UBICAR,16/01/2026 00:39:00,1,114.74,En stock,300
510897,FLX-CHE-ADH-H02642,"ZYMET,UA-2605-BT2,SYR,30,CC;AD",300380,UBICAR,16/01/2026 00:39:00,1,114.74,En stock,300
510898,FLX-CHE-ADH-H02642,"ZYMET,UA-2605-BT2,SYR,30,CC;AD",300380,UBICAR,16/01/2026 00:39:00,1,114.74,En stock,300
510899,FLX-CHE-ADH-H02642,"ZYMET,UA-2605-BT2,SYR,30,CC;AD",300380,UBICAR,16/01/2026 00:39:00,1,114.74,En stock,300
510900,FLX-CHE-ADH-H02642,"ZYMET,UA-2605-BT2,SYR,30,CC;AD",300380,UBICAR,16/01/2026 00:39:00,1,114.74,En stock,300
510901,FLX-CHE-ADH-H02642,"ZYMET,UA-2605-BT2,SYR,30,CC;AD",300380,UBICAR,16/01/2026 00:39:00,1,114.74,En stock,300
522992,FLX-SDR-WIR-H00101,"SAC305,0.7874mm,275,3.3%,N,0.5",300380,UBICAR,,1,42.9822,En stock,300
522999,FLX-SDR-WIR-H00101,"SAC305,0.7874mm,275,3.3%,N,0.5",300380,UBICAR,15/10/2034 16:38:00,1,44.04224,En stock,300
523002,FLX-SDR-WIR-H00101,"SAC305,0.7874mm,275,3.3%,N,0.5",300380,UBICAR,15/10/2034 16:38:00,1,44.04224,En stock,300
523004,FLX-SDR-WIR-H00101,"SAC305,0.7874mm,275,3.3%,N,0.5",300380,UBICAR,15/10/2034 16:38:00,1,44.04224,En stock,300
526633,FLX-CHE-CLN-H00129,"CLNR,3M-62961549305,SPRAY,18.5",300380,UBICAR,16/04/2026 02:19:00,1,26.6,En stock,300
551811,FLX-CHE-FLX-H00102,"KESTER-951,N,ORL0,AL,PEN,10L",300380,UBICAR,10/09/2025 00:23:00,1,5.73,En stock,300
551822,FLX-CHE-FLX-H00102,"KESTER-951,N,ORL0,AL,PEN,10L",300380,UBICAR,10/09/2025 00:23:00,1,5.73,En stock,300
551830,FLX-CHE-FLX-H00102,"KESTER-951,N,ORL0,AL,PEN,10L",300380,UBICAR,09/10/2025 00:24:00,1,5.73,En stock,300
551833,FLX-CHE-FLX-H00102,"KESTER-951,N,ORL0,AL,PEN,10L",300380,UBICAR,09/10/2025 00:24:00,1,5.73,En stock,300
553771,FLX-CHE-CLN-H00115,"CLNR,ACL-2003,BTL,0.25gal",300380,UBICAR,,1,7.74,En stock,300
557997,FLX-CHE-CLN-N00168,"LOWVOCFLOORFINISH,DESCO10551,B",300380,UBICAR,09/03/2026 14:40:00,1,178.9,En stock,300
545201,FLX-CHE-ADH-H02615,"DOW,DOWSIL-PR-1200-RTV,BTL,309",300380,UBICAR,04/12/2026 23:05:00,1,64.39,En stock,300
545202,FLX-CHE-ADH-H02615,"DOW,DOWSIL-PR-1200-RTV,BTL,309",300380,UBICAR,04/12/2026 23:05:00,1,64.39,En stock,300
545203,FLX-CHE-ADH-H02615,"DOW,DOWSIL-PR-1200-RTV,BTL,309",300380,UBICAR,04/12/2026 23:05:00,1,64.39,En stock,300
545204,FLX-CHE-ADH-H02615,"DOW,DOWSIL-PR-1200-RTV,BTL,309",300380,UBICAR,04/12/2026 23:05:00,1,64.39,En stock,300
545205,FLX-CHE-ADH-H02615,"DOW,DOWSIL-PR-1200-RTV,BTL,309",300380,UBICAR,04/12/2026 23:05:00,1,64.39,En stock,300
546129,FLX-CHE-FLX-N14897,"715M,AIM,CLEAN,ROL1,GALON,20GR",300380,UBICAR,12/12/2025 17:59:00,5,30.5,En stock,300
543274,FLX-CHE-CLN-H02071,"ZESTRON SW,PAIL,25LTS,0800-002",300380,UBICAR,09/06/2029 17:32:00,1,475.05,En stock,300
561062,FLX-CHE-CLN-H00129,"CLNR,3M-62961549305,SPRAY,18.5",300380,UBICAR,01/11/2027 02:30:00,1,26.6,En stock,300
561060,FLX-CHE-CLN-H00129,"CLNR,3M-62961549305,SPRAY,18.5",300380,UBICAR,01/11/2027 02:28:00,1,26.6,En stock,300
561067,FLX-CHE-CLN-H00129,"CLNR,3M-62961549305,SPRAY,18.5",300380,UBICAR,01/11/2027 02:30:00,1,26.6,En stock,300
548231,FLX-CHE-ADH-H02706,"UA2605B,SYRINGE,30,CC;EPOXY",300380,UBICAR,12/09/2025 18:20:00,1,103.59,En stock,300
548233,FLX-CHE-ADH-H02706,"UA2605B,SYRINGE,30,CC;EPOXY",300380,UBICAR,12/09/2025 18:20:00,1,103.59,En stock,300
548237,FLX-CHE-ADH-H02706,"UA2605B,SYRINGE,30,CC;EPOXY",300380,UBICAR,12/09/2025 18:21:00,1,103.59,En stock,300
548238,FLX-CHE-ADH-H02706,"UA2605B,SYRINGE,30,CC;EPOXY",300380,UBICAR,12/09/2025 18:21:00,1,103.59,En stock,300
548239,FLX-CHE-ADH-H02706,"UA2605B,SYRINGE,30,CC;EPOXY",300380,UBICAR,12/09/2025 18:21:00,1,103.59,En stock,300
548240,FLX-CHE-ADH-H02706,"UA2605B,SYRINGE,30,CC;EPOXY",300380,UBICAR,12/09/2025 18:21:00,1,103.59,En stock,300
548241,FLX-CHE-ADH-H02706,"UA2605B,SYRINGE,30,CC;EPOXY",300380,UBICAR,12/09/2025 18:21:00,1,103.59,En stock,300
548242,FLX-CHE-ADH-H02706,"UA2605B,SYRINGE,30,CC;EPOXY",300380,UBICAR,12/09/2025 18:21:00,1,103.59,En stock,300
548243,FLX-CHE-ADH-H02706,"UA2605B,SYRINGE,30,CC;EPOXY",300380,UBICAR,12/09/2025 18:21:00,1,103.59,En stock,300
548244,FLX-CHE-ADH-H02706,"UA2605B,SYRINGE,30,CC;EPOXY",300380,UBICAR,12/09/2025 18:21:00,1,103.59,En stock,300
548245,FLX-CHE-ADH-H02706,"UA2605B,SYRINGE,30,CC;EPOXY",300380,UBICAR,12/09/2025 18:21:00,1,103.59,En stock,300
548246,FLX-CHE-ADH-H02706,"UA2605B,SYRINGE,30,CC;EPOXY",300380,UBICAR,12/09/2025 18:21:00,1,103.59,En stock,300
548247,FLX-CHE-ADH-H02706,"UA2605B,SYRINGE,30,CC;EPOXY",300380,UBICAR,12/09/2025 18:21:00,1,103.59,En stock,300
548248,FLX-CHE-ADH-H02706,"UA2605B,SYRINGE,30,CC;EPOXY",300380,UBICAR,12/09/2025 18:21:00,1,103.59,En stock,300
548249,FLX-CHE-ADH-H02706,"UA2605B,SYRINGE,30,CC;EPOXY",300380,UBICAR,12/09/2025 18:21:00,1,103.59,En stock,300
548250,FLX-CHE-ADH-H02706,"UA2605B,SYRINGE,30,CC;EPOXY",300380,UBICAR,12/09/2025 18:21:00,1,103.59,En stock,300
548251,FLX-CHE-ADH-H02706,"UA2605B,SYRINGE,30,CC;EPOXY",300380,UBICAR,12/09/2025 18:21:00,1,103.59,En stock,300
548252,FLX-CHE-ADH-H02706,"UA2605B,SYRINGE,30,CC;EPOXY",300380,UBICAR,12/09/2025 18:21:00,1,103.59,En stock,300
548253,FLX-CHE-ADH-H02706,"UA2605B,SYRINGE,30,CC;EPOXY",300380,UBICAR,12/09/2025 18:21:00,1,103.59,En stock,300
548257,FLX-CHE-ADH-H02706,"UA2605B,SYRINGE,30,CC;EPOXY",300380,UBICAR,12/09/2025 18:21:00,1,103.59,En stock,300
548258,FLX-CHE-ADH-H02706,"UA2605B,SYRINGE,30,CC;EPOXY",300380,UBICAR,12/09/2025 18:21:00,1,103.59,En stock,300
548260,FLX-CHE-ADH-H02706,"UA2605B,SYRINGE,30,CC;EPOXY",300380,UBICAR,12/09/2025 18:21:00,1,103.59,En stock,300
548261,FLX-CHE-ADH-H02706,"UA2605B,SYRINGE,30,CC;EPOXY",300380,UBICAR,12/09/2025 18:21:00,1,103.59,En stock,300
548262,FLX-CHE-ADH-H02706,"UA2605B,SYRINGE,30,CC;EPOXY",300380,UBICAR,12/09/2025 18:21:00,1,103.59,En stock,300
548264,FLX-CHE-ADH-H02706,"UA2605B,SYRINGE,30,CC;EPOXY",300380,UBICAR,12/09/2025 18:21:00,1,103.59,En stock,300
548266,FLX-CHE-ADH-H02706,"UA2605B,SYRINGE,30,CC;EPOXY",300380,UBICAR,12/09/2025 18:21:00,1,103.59,En stock,300
548267,FLX-CHE-ADH-H02706,"UA2605B,SYRINGE,30,CC;EPOXY",300380,UBICAR,12/09/2025 18:21:00,1,103.59,En stock,300
548268,FLX-CHE-ADH-H02706,"UA2605B,SYRINGE,30,CC;EPOXY",300380,UBICAR,12/09/2025 18:21:00,1,103.59,En stock,300
548269,FLX-CHE-ADH-H02706,"UA2605B,SYRINGE,30,CC;EPOXY",300380,UBICAR,12/09/2025 18:21:00,1,103.59,En stock,300
548270,FLX-CHE-ADH-H02706,"UA2605B,SYRINGE,30,CC;EPOXY",300380,UBICAR,12/09/2025 18:21:00,1,103.59,En stock,300
548271,FLX-CHE-ADH-H02706,"UA2605B,SYRINGE,30,CC;EPOXY",300380,UBICAR,12/09/2025 18:21:00,1,103.59,En stock,300
548272,FLX-CHE-ADH-H02706,"UA2605B,SYRINGE,30,CC;EPOXY",300380,UBICAR,12/09/2025 18:21:00,1,103.59,En stock,300
548273,FLX-CHE-ADH-H02706,"UA2605B,SYRINGE,30,CC;EPOXY",300380,UBICAR,12/09/2025 18:21:00,1,103.59,En stock,300
548274,FLX-CHE-ADH-H02706,"UA2605B,SYRINGE,30,CC;EPOXY",300380,UBICAR,12/09/2025 18:21:00,1,103.59,En stock,300
548275,FLX-CHE-ADH-H02706,"UA2605B,SYRINGE,30,CC;EPOXY",300380,UBICAR,12/09/2025 18:21:00,1,103.59,En stock,300
548276,FLX-CHE-ADH-H02706,"UA2605B,SYRINGE,30,CC;EPOXY",300380,UBICAR,12/09/2025 18:21:00,1,103.59,En stock,300
536337,FLX-SDR-PST-H00228,"SAC-305,INDIUM-PASTEOT-800495,",300380,UBICAR,,600,0.1106,En stock,300
536338,FLX-SDR-PST-H00228,"SAC-305,INDIUM-PASTEOT-800495,",300380,UBICAR,,600,0.1106,En stock,300
536339,FLX-SDR-PST-H00228,"SAC-305,INDIUM-PASTEOT-800495,",300380,UBICAR,,600,0.1106,En stock,300
536342,FLX-SDR-PST-H00228,"SAC-305,INDIUM-PASTEOT-800495,",300380,UBICAR,,600,0.1106,En stock,300
536343,FLX-SDR-PST-H00228,"SAC-305,INDIUM-PASTEOT-800495,",300380,UBICAR,,600,0.1106,En stock,300
536347,FLX-SDR-PST-H00228,"SAC-305,INDIUM-PASTEOT-800495,",300380,UBICAR,,600,0.1106,En stock,300
536349,FLX-SDR-PST-H00228,"SAC-305,INDIUM-PASTEOT-800495,",300380,UBICAR,,600,0.1106,En stock,300
536356,FLX-SDR-PST-H00228,"SAC-305,INDIUM-PASTEOT-800495,",300380,UBICAR,,600,0.1106,En stock,300
536359,FLX-SDR-PST-H00228,"SAC-305,INDIUM-PASTEOT-800495,",300380,UBICAR,,600,0.1106,En stock,300
536360,FLX-SDR-PST-H00228,"SAC-305,INDIUM-PASTEOT-800495,",300380,UBICAR,,600,0.1106,En stock,300
554690,FLX-CHE-CLN-H02071,"ZESTRON SW,PAIL,25LTS,0800-002",300380,UBICAR,12/02/2029 02:48:00,1,475.05,En stock,300
534796,FLX-CHE-ADH-H00167,"ACCER,HENKEL-7387,BTL,52ml",300380,UBICAR,02/01/2026 22:43:00,1,17.84,En stock,300
536364,FLX-SDR-PST-H00228,"SAC-305,INDIUM-PASTEOT-800495,",300380,UBICAR,,600,0.1106,En stock,300
536365,FLX-SDR-PST-H00228,"SAC-305,INDIUM-PASTEOT-800495,",300380,UBICAR,,600,0.1106,En stock,300
536367,FLX-SDR-PST-H00228,"SAC-305,INDIUM-PASTEOT-800495,",300380,UBICAR,,600,0.1106,En stock,300
536370,FLX-SDR-PST-H00228,"SAC-305,INDIUM-PASTEOT-800495,",300380,UBICAR,,600,0.1106,En stock,300
536372,FLX-SDR-PST-H00228,"SAC-305,INDIUM-PASTEOT-800495,",300380,UBICAR,,600,0.1106,En stock,300
536373,FLX-SDR-PST-H00228,"SAC-305,INDIUM-PASTEOT-800495,",300380,UBICAR,,600,0.1106,En stock,300
536378,FLX-SDR-PST-H00228,"SAC-305,INDIUM-PASTEOT-800495,",300380,UBICAR,,600,0.1106,En stock,300
536379,FLX-SDR-PST-H00228,"SAC-305,INDIUM-PASTEOT-800495,",300380,UBICAR,,600,0.1106,En stock,300
536380,FLX-SDR-PST-H00228,"SAC-305,INDIUM-PASTEOT-800495,",300380,UBICAR,,600,0.1106,En stock,300
536382,FLX-SDR-PST-H00228,"SAC-305,INDIUM-PASTEOT-800495,",300380,UBICAR,,600,0.1106,En stock,300
536383,FLX-SDR-PST-H00228,"SAC-305,INDIUM-PASTEOT-800495,",300380,UBICAR,,600,0.1106,En stock,300
536384,FLX-SDR-PST-H00228,"SAC-305,INDIUM-PASTEOT-800495,",300380,UBICAR,,600,0.1106,En stock,300
536386,FLX-SDR-PST-H00228,"SAC-305,INDIUM-PASTEOT-800495,",300380,UBICAR,,600,0.1106,En stock,300
536387,FLX-SDR-PST-H00228,"SAC-305,INDIUM-PASTEOT-800495,",300380,UBICAR,,600,0.1106,En stock,300
536394,FLX-SDR-PST-H00228,"SAC-305,INDIUM-PASTEOT-800495,",300380,UBICAR,,600,0.1106,En stock,300
536395,FLX-SDR-PST-H00228,"SAC-305,INDIUM-PASTEOT-800495,",300380,UBICAR,,600,0.1106,En stock,300
536396,FLX-SDR-PST-H00228,"SAC-305,INDIUM-PASTEOT-800495,",300380,UBICAR,,600,0.1106,En stock,300
562546,FLX-CHE-ADH-H02706,"UA2605B,SYRINGE,30,CC;EPOXY",300380,UBICAR,,1,103.59,En stock,300
562547,FLX-CHE-ADH-H02706,"UA2605B,SYRINGE,30,CC;EPOXY",300380,UBICAR,,1,103.59,En stock,300
554675,FLX-CHE-FLX-H00102,"KESTER-951,N,ORL0,AL,PEN,10L",300380,UBICAR,10/08/2025 00:00:00,1,5.73,En stock,300
562548,FLX-CHE-ADH-H02706,"UA2605B,SYRINGE,30,CC;EPOXY",300380,UBICAR,,1,103.59,En stock,300
562549,FLX-CHE-ADH-H02706,"UA2605B,SYRINGE,30,CC;EPOXY",300380,UBICAR,,1,103.59,En stock,300
562550,FLX-CHE-ADH-H02706,"UA2605B,SYRINGE,30,CC;EPOXY",300380,UBICAR,,1,103.59,En stock,300
562551,FLX-CHE-ADH-H02706,"UA2605B,SYRINGE,30,CC;EPOXY",300380,UBICAR,,1,103.59,En stock,300
562552,FLX-CHE-ADH-H02706,"UA2605B,SYRINGE,30,CC;EPOXY",300380,UBICAR,,1,103.59,En stock,300
562553,FLX-CHE-ADH-H02706,"UA2605B,SYRINGE,30,CC;EPOXY",300380,UBICAR,,1,103.59,En stock,300
562554,FLX-CHE-ADH-H02706,"UA2605B,SYRINGE,30,CC;EPOXY",300380,UBICAR,,1,103.59,En stock,300
562555,FLX-CHE-ADH-H02706,"UA2605B,SYRINGE,30,CC;EPOXY",300380,UBICAR,,1,103.59,En stock,300
562556,FLX-CHE-ADH-H02706,"UA2605B,SYRINGE,30,CC;EPOXY",300380,UBICAR,,1,103.59,En stock,300
562557,FLX-CHE-ADH-H02706,"UA2605B,SYRINGE,30,CC;EPOXY",300380,UBICAR,,1,103.59,En stock,300
562570,FLX-CHE-ADH-H02706,"UA2605B,SYRINGE,30,CC;EPOXY",300380,UBICAR,,1,103.59,En stock,300
562571,FLX-CHE-ADH-H02706,"UA2605B,SYRINGE,30,CC;EPOXY",300380,UBICAR,,1,103.59,En stock,300
562572,FLX-CHE-ADH-H02706,"UA2605B,SYRINGE,30,CC;EPOXY",300380,UBICAR,,1,103.59,En stock,300
562573,FLX-CHE-ADH-H02706,"UA2605B,SYRINGE,30,CC;EPOXY",300380,UBICAR,,1,103.59,En stock,300
562574,FLX-CHE-ADH-H02706,"UA2605B,SYRINGE,30,CC;EPOXY",300380,UBICAR,,1,103.59,En stock,300
562575,FLX-CHE-ADH-H02706,"UA2605B,SYRINGE,30,CC;EPOXY",300380,UBICAR,,1,103.59,En stock,300
562576,FLX-CHE-ADH-H02706,"UA2605B,SYRINGE,30,CC;EPOXY",300380,UBICAR,,1,103.59,En stock,300
562577,FLX-CHE-ADH-H02706,"UA2605B,SYRINGE,30,CC;EPOXY",300380,UBICAR,,1,103.59,En stock,300
562578,FLX-CHE-ADH-H02706,"UA2605B,SYRINGE,30,CC;EPOXY",300380,UBICAR,,1,103.59,En stock,300
562579,FLX-CHE-ADH-H02706,"UA2605B,SYRINGE,30,CC;EPOXY",300380,UBICAR,,1,103.59,En stock,300
562580,FLX-CHE-ADH-H02706,"UA2605B,SYRINGE,30,CC;EPOXY",300380,UBICAR,,1,103.59,En stock,300
562581,FLX-CHE-ADH-H02706,"UA2605B,SYRINGE,30,CC;EPOXY",300380,UBICAR,,1,103.59,En stock,300
566034,FLX-CHE-OTH-N00142,"REFRG,SILICONES-E-27,SPRYCAN,1",300380,UBICAR,03/12/2026 22:16:00,1,6.878789,En stock,300
566035,FLX-CHE-OTH-N00142,"REFRG,SILICONES-E-27,SPRYCAN,1",300380,UBICAR,03/12/2026 22:16:00,1,6.878789,En stock,300
566036,FLX-CHE-OTH-N00142,"REFRG,SILICONES-E-27,SPRYCAN,1",300380,UBICAR,03/12/2026 22:16:00,1,6.878789,En stock,300
566039,FLX-CHE-OTH-N00142,"REFRG,SILICONES-E-27,SPRYCAN,1",300380,UBICAR,03/12/2026 22:16:00,1,6.878789,En stock,300
566046,FLX-CHE-OTH-N00142,"REFRG,SILICONES-E-27,SPRYCAN,1",300380,UBICAR,03/12/2026 22:16:00,1,6.878789,En stock,300
566049,FLX-CHE-OTH-N00142,"REFRG,SILICONES-E-27,SPRYCAN,1",300380,UBICAR,03/12/2026 22:16:00,1,6.878789,En stock,300
566052,FLX-CHE-OTH-N00142,"REFRG,SILICONES-E-27,SPRYCAN,1",300380,UBICAR,03/12/2026 22:16:00,1,6.878789,En stock,300
566053,FLX-CHE-OTH-N00142,"REFRG,SILICONES-E-27,SPRYCAN,1",300380,UBICAR,03/12/2026 22:16:00,1,6.878789,En stock,300
566056,FLX-CHE-OTH-N00142,"REFRG,SILICONES-E-27,SPRYCAN,1",300380,UBICAR,03/12/2026 22:16:00,1,6.878789,En stock,300
567806,FLX-SDR-BAR-H00019,"SAC305,AIM",300380,UBICAR,,25,34.921,En stock,300
567805,FLX-SDR-BAR-H00019,"SAC305,AIM",300380,UBICAR,,25,34.921,En stock,300
567807,FLX-SDR-BAR-H00019,"SAC305,AIM",300380,UBICAR,,25,34.921,En stock,300
567808,FLX-SDR-BAR-H00019,"SAC305,AIM",300380,UBICAR,,25,34.921,En stock,300
567809,FLX-SDR-BAR-H00019,"SAC305,AIM",300380,UBICAR,,25,34.921,En stock,300
567810,FLX-SDR-BAR-H00019,"SAC305,AIM",300380,UBICAR,,25,34.921,En stock,300
567811,FLX-SDR-BAR-H00019,"SAC305,AIM",300380,UBICAR,,25,34.921,En stock,300
566083,FLX-CHE-OTH-N00142,"REFRG,SILICONES-E-27,SPRYCAN,1",300380,UBICAR,03/12/2026 22:17:00,1,6.878789,En stock,300
567812,FLX-SDR-BAR-H00019,"SAC305,AIM",300380,UBICAR,,25,34.921,En stock,300
567815,FLX-SDR-BAR-H00019,"SAC305,AIM",300380,UBICAR,,25,34.921,En stock,300
567816,FLX-SDR-BAR-H00019,"SAC305,AIM",300380,UBICAR,,25,34.921,En stock,300
567817,FLX-SDR-BAR-H00019,"SAC305,AIM",300380,UBICAR,,25,34.921,En stock,300
567819,FLX-SDR-BAR-H00019,"SAC305,AIM",300380,UBICAR,,25,34.921,En stock,300
567820,FLX-SDR-BAR-H00019,"SAC305,AIM",300380,UBICAR,,25,34.921,En stock,300
567822,FLX-SDR-BAR-H00019,"SAC305,AIM",300380,UBICAR,,25,34.921,En stock,300
567823,FLX-SDR-BAR-H00019,"SAC305,AIM",300380,UBICAR,,25,34.921,En stock,300
567824,FLX-SDR-BAR-H00019,"SAC305,AIM",300380,UBICAR,,25,34.921,En stock,300
567826,FLX-SDR-BAR-H00019,"SAC305,AIM",300380,UBICAR,,25,34.921,En stock,300
567828,FLX-SDR-BAR-H00019,"SAC305,AIM",300380,UBICAR,,25,34.921,En stock,300
567829,FLX-SDR-BAR-H00019,"SAC305,AIM",300380,UBICAR,,25,34.921,En stock,300
567831,FLX-SDR-BAR-H00019,"SAC305,AIM",300380,UBICAR,,25,34.921,En stock,300
567832,FLX-SDR-BAR-H00019,"SAC305,AIM",300380,UBICAR,,25,34.921,En stock,300
567833,FLX-SDR-BAR-H00019,"SAC305,AIM",300380,UBICAR,,25,34.921,En stock,300
567834,FLX-SDR-BAR-H00019,"SAC305,AIM",300380,UBICAR,,25,34.921,En stock,300
567835,FLX-SDR-BAR-H00019,"SAC305,AIM",300380,UBICAR,,25,34.921,En stock,300
567836,FLX-SDR-BAR-H00019,"SAC305,AIM",300380,UBICAR,,25,34.921,En stock,300
567837,FLX-SDR-BAR-H00019,"SAC305,AIM",300380,UBICAR,,25,34.921,En stock,300
567838,FLX-SDR-BAR-H00019,"SAC305,AIM",300380,UBICAR,,25,34.921,En stock,300
567839,FLX-SDR-BAR-H00019,"SAC305,AIM",300380,UBICAR,,25,34.921,En stock,300
567840,FLX-SDR-BAR-H00019,"SAC305,AIM",300380,UBICAR,,25,34.921,En stock,300
567843,FLX-SDR-BAR-H00019,"SAC305,AIM",300380,UBICAR,,25,34.921,En stock,300
567844,FLX-SDR-BAR-H00019,"SAC305,AIM",300380,UBICAR,,25,34.921,En stock,300
563885,FLX-CHE-FLX-H02323,"FCT-SOLDER,NC26,NO-CLEAN,ROL0,",300380,UBICAR,,1,16.5,En stock,300
563890,FLX-CHE-FLX-H02323,"FCT-SOLDER,NC26,NO-CLEAN,ROL0,",300380,UBICAR,,1,16.5,En stock,300
563894,FLX-CHE-FLX-H02323,"FCT-SOLDER,NC26,NO-CLEAN,ROL0,",300380,UBICAR,,1,16.5,En stock,300
563897,FLX-CHE-FLX-H02323,"FCT-SOLDER,NC26,NO-CLEAN,ROL0,",300380,UBICAR,,1,16.5,En stock,300
563904,FLX-CHE-FLX-H02323,"FCT-SOLDER,NC26,NO-CLEAN,ROL0,",300380,UBICAR,,1,16.5,En stock,300
544066,FLX-CHE-OTH-N00142,"REFRG,SILICONES-E-27,SPRYCAN,1",300380,UBICAR,,1,6.878789,En stock,300
544081,FLX-CHE-OTH-N00142,"REFRG,SILICONES-E-27,SPRYCAN,1",300380,UBICAR,,1,6.878789,En stock,300
544087,FLX-CHE-OTH-N00142,"REFRG,SILICONES-E-27,SPRYCAN,1",300380,UBICAR,,1,6.878789,En stock,300
544116,FLX-CHE-OTH-N00142,"REFRG,SILICONES-E-27,SPRYCAN,1",300380,UBICAR,,1,6.878789,En stock,300
544141,FLX-CHE-OTH-N00142,"REFRG,SILICONES-E-27,SPRYCAN,1",300380,UBICAR,,1,6.878789,En stock,300
544159,FLX-CHE-OTH-N00142,"REFRG,SILICONES-E-27,SPRYCAN,1",300380,UBICAR,,1,6.878789,En stock,300
535411,FLX-SDR-BAR-H00019,"SAC305,AIM",300380,UBICAR,,25,34.921,En stock,300
535412,FLX-SDR-BAR-H00019,"SAC305,AIM",300380,UBICAR,,25,34.921,En stock,300
535413,FLX-SDR-BAR-H00019,"SAC305,AIM",300380,UBICAR,,25,34.921,En stock,300
535414,FLX-SDR-BAR-H00019,"SAC305,AIM",300380,UBICAR,,25,34.921,En stock,300
535415,FLX-SDR-BAR-H00019,"SAC305,AIM",300380,UBICAR,,25,34.921,En stock,300
535418,FLX-SDR-BAR-H00019,"SAC305,AIM",300380,UBICAR,,25,34.921,En stock,300
535419,FLX-SDR-BAR-H00019,"SAC305,AIM",300380,UBICAR,,25,34.921,En stock,300
535421,FLX-SDR-BAR-H00019,"SAC305,AIM",300380,UBICAR,,25,34.921,En stock,300
535422,FLX-SDR-BAR-H00019,"SAC305,AIM",300380,UBICAR,,25,34.921,En stock,300
535423,FLX-SDR-BAR-H00019,"SAC305,AIM",300380,UBICAR,,25,34.921,En stock,300
561141,FLX-CHE-FLX-H00102,"KESTER-951,N,ORL0,AL,PEN,10L",300380,UBICAR,10/08/2025 00:00:00,1,5.73,En stock,300
561148,FLX-CHE-FLX-H00102,"KESTER-951,N,ORL0,AL,PEN,10L",300380,UBICAR,12/05/2025 21:23:00,1,5.73,En stock,300
561154,FLX-CHE-FLX-H00102,"KESTER-951,N,ORL0,AL,PEN,10L",300380,UBICAR,12/05/2025 21:23:00,1,5.73,En stock,300
554606,FLX-CHE-FLX-H00102,"KESTER-951,N,ORL0,AL,PEN,10L",300380,UBICAR,10/08/2025 23:23:00,1,5.73,En stock,300
554610,FLX-CHE-FLX-H00102,"KESTER-951,N,ORL0,AL,PEN,10L",300380,UBICAR,10/08/2025 00:00:00,1,5.73,En stock,300
554628,FLX-CHE-FLX-H00102,"KESTER-951,N,ORL0,AL,PEN,10L",300380,UBICAR,10/08/2025 23:23:00,1,5.73,En stock,300
555091,FLX-CHE-CLN-N00168,"LOWVOCFLOORFINISH,DESCO10551,B",300380,UBICAR,12/05/2025 02:19:00,1,178.9,En stock,300
559272,FLX-SDR-BAR-H00032,"Sn100C-EXT,NIHON",300380,UBICAR,,25,27.68,En stock,300
559275,FLX-SDR-BAR-H00032,"Sn100C-EXT,NIHON",300380,UBICAR,,25,27.68,En stock,300
559276,FLX-SDR-BAR-H00032,"Sn100C-EXT,NIHON",300380,UBICAR,,25,27.68,En stock,300
534180,FLX-SDR-PST-H00228,"SAC-305,INDIUM-PASTEOT-800495,",300380,UBICAR,11/12/2025 22:33:00,600,0.1106,En stock,300
534181,FLX-SDR-PST-H00228,"SAC-305,INDIUM-PASTEOT-800495,",300380,UBICAR,11/12/2025 22:33:00,600,0.1106,En stock,300
534185,FLX-SDR-PST-H00228,"SAC-305,INDIUM-PASTEOT-800495,",300380,UBICAR,11/12/2025 22:33:00,600,0.1106,En stock,300
534199,FLX-SDR-PST-H00228,"SAC-305,INDIUM-PASTEOT-800495,",300380,UBICAR,11/12/2025 22:33:00,600,0.1106,En stock,300
534205,FLX-SDR-PST-H00228,"SAC-305,INDIUM-PASTEOT-800495,",300380,UBICAR,11/12/2025 22:33:00,600,0.1106,En stock,300
534207,FLX-SDR-PST-H00228,"SAC-305,INDIUM-PASTEOT-800495,",300380,UBICAR,11/12/2025 22:33:00,600,0.1106,En stock,300
534208,FLX-SDR-PST-H00228,"SAC-305,INDIUM-PASTEOT-800495,",300380,UBICAR,11/12/2025 22:33:00,600,0.1106,En stock,300
534209,FLX-SDR-PST-H00228,"SAC-305,INDIUM-PASTEOT-800495,",300380,UBICAR,11/12/2025 22:34:00,600,0.1106,En stock,300
534212,FLX-SDR-PST-H00228,"SAC-305,INDIUM-PASTEOT-800495,",300380,UBICAR,11/12/2025 22:34:00,600,0.1106,En stock,300
534217,FLX-SDR-PST-H00228,"SAC-305,INDIUM-PASTEOT-800495,",300380,UBICAR,11/12/2025 22:34:00,600,0.1106,En stock,300
545855,FLX-SDR-PST-H00228,"SAC-305,INDIUM-PASTEOT-800495,",300380,UBICAR,,600,0.1106,En stock,300
545863,FLX-SDR-PST-H00228,"SAC-305,INDIUM-PASTEOT-800495,",300380,UBICAR,,600,0.1106,En stock,300
545865,FLX-SDR-PST-H00228,"SAC-305,INDIUM-PASTEOT-800495,",300380,UBICAR,,600,0.1106,En stock,300
545871,FLX-SDR-PST-H00228,"SAC-305,INDIUM-PASTEOT-800495,",300380,UBICAR,,600,0.1106,En stock,300
545873,FLX-SDR-PST-H00228,"SAC-305,INDIUM-PASTEOT-800495,",300380,UBICAR,,600,0.1106,En stock,300
545877,FLX-SDR-PST-H00228,"SAC-305,INDIUM-PASTEOT-800495,",300380,UBICAR,,600,0.1106,En stock,300
565088,FLX-CHE-SOL-H00064,"AL,OLENTIPA201,BTL,20L,99.5%",300380,UBICAR,,20,3.46,En stock,300
539623,FLX-CHE-ADH-H00288,"GLUERED,HENKEL-3609,BTL,30ml",300380,UBICAR,01/10/2025 21:26:00,1,88.77,En stock,300
539624,FLX-CHE-ADH-H00288,"GLUERED,HENKEL-3609,BTL,30ml",300380,UBICAR,01/10/2025 21:26:00,1,88.77,En stock,300
539629,FLX-CHE-ADH-H00288,"GLUERED,HENKEL-3609,BTL,30ml",300380,UBICAR,01/10/2025 21:26:00,1,88.77,En stock,300
545878,FLX-SDR-PST-H00228,"SAC-305,INDIUM-PASTEOT-800495,",300380,UBICAR,,600,0.1106,En stock,300
545879,FLX-SDR-PST-H00228,"SAC-305,INDIUM-PASTEOT-800495,",300380,UBICAR,,600,0.1106,En stock,300
545880,FLX-SDR-PST-H00228,"SAC-305,INDIUM-PASTEOT-800495,",300380,UBICAR,,600,0.1106,En stock,300
545882,FLX-SDR-PST-H00228,"SAC-305,INDIUM-PASTEOT-800495,",300380,UBICAR,,600,0.1106,En stock,300
545883,FLX-SDR-PST-H00228,"SAC-305,INDIUM-PASTEOT-800495,",300380,UBICAR,,600,0.1106,En stock,300
545888,FLX-SDR-PST-H00228,"SAC-305,INDIUM-PASTEOT-800495,",300380,UBICAR,,600,0.1106,En stock,300
545889,FLX-SDR-PST-H00228,"SAC-305,INDIUM-PASTEOT-800495,",300380,UBICAR,,600,0.1106,En stock,300
545891,FLX-SDR-PST-H00228,"SAC-305,INDIUM-PASTEOT-800495,",300380,UBICAR,,600,0.1106,En stock,300
545892,FLX-SDR-PST-H00228,"SAC-305,INDIUM-PASTEOT-800495,",300380,UBICAR,,600,0.1106,En stock,300
545901,FLX-SDR-PST-H00228,"SAC-305,INDIUM-PASTEOT-800495,",300380,UBICAR,,600,0.1106,En stock,300
545906,FLX-SDR-PST-H00228,"SAC-305,INDIUM-PASTEOT-800495,",300380,UBICAR,,600,0.1106,En stock,300
545908,FLX-SDR-PST-H00228,"SAC-305,INDIUM-PASTEOT-800495,",300380,UBICAR,,600,0.1106,En stock,300
545909,FLX-SDR-PST-H00228,"SAC-305,INDIUM-PASTEOT-800495,",300380,UBICAR,,600,0.1106,En stock,300
545911,FLX-SDR-PST-H00228,"SAC-305,INDIUM-PASTEOT-800495,",300380,UBICAR,,600,0.1106,En stock,300
545914,FLX-SDR-PST-H00228,"SAC-305,INDIUM-PASTEOT-800495,",300380,UBICAR,,600,0.1106,En stock,300
545918,FLX-SDR-PST-H00228,"SAC-305,INDIUM-PASTEOT-800495,",300380,UBICAR,,600,0.1106,En stock,300
566016,FLX-CHE-SOL-H00064,"AL,OLENTIPA201,BTL,20L,99.5%",300380,UBICAR,,8,3.46,En stock,300
566017,FLX-CHE-SOL-H00064,"AL,OLENTIPA201,BTL,20L,99.5%",300380,UBICAR,,12,3.46,En stock,300
569088,FLX-SDR-WIR-H00101,"SAC305,0.7874mm,275,3.3%,N,0.5",300380,UBICAR,,1,42.9822,En stock,300
547465,FLX-CHE-SOL-N00042,"OVERPEN,CHEMTRONICS-CW3300G,PE",300380,UBICAR,01/05/2027 21:40:00,1,19.94,En stock,300
547466,FLX-CHE-SOL-N00042,"OVERPEN,CHEMTRONICS-CW3300G,PE",300380,UBICAR,01/05/2027 21:40:00,1,19.94,En stock,300
547467,FLX-CHE-SOL-N00042,"OVERPEN,CHEMTRONICS-CW3300G,PE",300380,UBICAR,01/05/2027 21:40:00,1,19.94,En stock,300
547468,FLX-CHE-SOL-N00042,"OVERPEN,CHEMTRONICS-CW3300G,PE",300380,UBICAR,01/05/2027 21:40:00,1,19.94,En stock,300
547469,FLX-CHE-SOL-N00042,"OVERPEN,CHEMTRONICS-CW3300G,PE",300380,UBICAR,01/05/2027 21:41:00,1,19.94,En stock,300
547470,FLX-CHE-SOL-N00042,"OVERPEN,CHEMTRONICS-CW3300G,PE",300380,UBICAR,01/05/2027 21:41:00,1,19.94,En stock,300
569095,FLX-SDR-WIR-H00101,"SAC305,0.7874mm,275,3.3%,N,0.5",300380,UBICAR,,1,42.9822,En stock,300
569116,FLX-SDR-WIR-H00101,"SAC305,0.7874mm,275,3.3%,N,0.5",300380,UBICAR,,1,42.9822,En stock,300
569130,FLX-SDR-WIR-H00101,"SAC305,0.7874mm,275,3.3%,N,0.5",300380,UBICAR,,1,42.9822,En stock,300
569136,FLX-SDR-WIR-H00101,"SAC305,0.7874mm,275,3.3%,N,0.5",300380,UBICAR,,1,42.9822,En stock,300
569151,FLX-SDR-WIR-H00101,"SAC305,0.7874mm,275,3.3%,N,0.5",300380,UBICAR,,1,42.9822,En stock,300
560187,FLX-CHE-ADH-H02642,"ZYMET,UA-2605-BT2,SYR,30,CC;AD",300380,UBICAR,16/01/2026 00:39:00,1,114.74,En stock,300
560188,FLX-CHE-ADH-H02642,"ZYMET,UA-2605-BT2,SYR,30,CC;AD",300380,UBICAR,16/01/2026 00:39:00,1,114.74,En stock,300
560189,FLX-CHE-ADH-H02642,"ZYMET,UA-2605-BT2,SYR,30,CC;AD",300380,UBICAR,16/01/2026 00:39:00,1,114.74,En stock,300
560190,FLX-CHE-ADH-H02642,"ZYMET,UA-2605-BT2,SYR,30,CC;AD",300380,UBICAR,16/01/2026 00:39:00,1,114.74,En stock,300
560191,FLX-CHE-ADH-H02642,"ZYMET,UA-2605-BT2,SYR,30,CC;AD",300380,UBICAR,16/01/2026 00:39:00,1,114.74,En stock,300
560192,FLX-CHE-ADH-H02642,"ZYMET,UA-2605-BT2,SYR,30,CC;AD",300380,UBICAR,16/01/2026 00:39:00,1,114.74,En stock,300
560193,FLX-CHE-ADH-H02642,"ZYMET,UA-2605-BT2,SYR,30,CC;AD",300380,UBICAR,16/01/2026 00:39:00,1,114.74,En stock,300
560194,FLX-CHE-ADH-H02642,"ZYMET,UA-2605-BT2,SYR,30,CC;AD",300380,UBICAR,16/01/2026 00:39:00,1,114.74,En stock,300
560195,FLX-CHE-ADH-H02642,"ZYMET,UA-2605-BT2,SYR,30,CC;AD",300380,UBICAR,16/01/2026 00:39:00,1,114.74,En stock,300
560196,FLX-CHE-ADH-H02642,"ZYMET,UA-2605-BT2,SYR,30,CC;AD",300380,UBICAR,16/01/2026 00:39:00,1,114.74,En stock,300
560197,FLX-CHE-ADH-H02642,"ZYMET,UA-2605-BT2,SYR,30,CC;AD",300380,UBICAR,16/01/2026 00:39:00,1,114.74,En stock,300
560198,FLX-CHE-ADH-H02642,"ZYMET,UA-2605-BT2,SYR,30,CC;AD",300380,UBICAR,16/01/2026 00:39:00,1,114.74,En stock,300
560199,FLX-CHE-ADH-H02642,"ZYMET,UA-2605-BT2,SYR,30,CC;AD",300380,UBICAR,16/01/2026 00:39:00,1,114.74,En stock,300
560200,FLX-CHE-ADH-H02642,"ZYMET,UA-2605-BT2,SYR,30,CC;AD",300380,UBICAR,16/01/2026 00:39:00,1,114.74,En stock,300
560201,FLX-CHE-ADH-H02642,"ZYMET,UA-2605-BT2,SYR,30,CC;AD",300380,UBICAR,16/01/2026 00:39:00,1,114.74,En stock,300
560202,FLX-CHE-ADH-H02642,"ZYMET,UA-2605-BT2,SYR,30,CC;AD",300380,UBICAR,16/01/2026 00:39:00,1,114.74,En stock,300
560203,FLX-CHE-ADH-H02642,"ZYMET,UA-2605-BT2,SYR,30,CC;AD",300380,UBICAR,16/01/2026 00:39:00,1,114.74,En stock,300
560204,FLX-CHE-ADH-H02642,"ZYMET,UA-2605-BT2,SYR,30,CC;AD",300380,UBICAR,16/01/2026 00:39:00,1,114.74,En stock,300
560205,FLX-CHE-ADH-H02642,"ZYMET,UA-2605-BT2,SYR,30,CC;AD",300380,UBICAR,16/01/2026 00:39:00,1,114.74,En stock,300
560206,FLX-CHE-ADH-H02642,"ZYMET,UA-2605-BT2,SYR,30,CC;AD",300380,UBICAR,16/01/2026 00:39:00,1,114.74,En stock,300
560207,FLX-CHE-ADH-H02642,"ZYMET,UA-2605-BT2,SYR,30,CC;AD",300380,UBICAR,16/01/2026 00:39:00,1,114.74,En stock,300
560208,FLX-CHE-ADH-H02642,"ZYMET,UA-2605-BT2,SYR,30,CC;AD",300380,UBICAR,16/01/2026 00:39:00,1,114.74,En stock,300
560210,FLX-CHE-ADH-H02642,"ZYMET,UA-2605-BT2,SYR,30,CC;AD",300380,UBICAR,16/01/2026 00:39:00,1,114.74,En stock,300
560211,FLX-CHE-ADH-H02642,"ZYMET,UA-2605-BT2,SYR,30,CC;AD",300380,UBICAR,16/01/2026 00:39:00,1,114.74,En stock,300
560212,FLX-CHE-ADH-H02642,"ZYMET,UA-2605-BT2,SYR,30,CC;AD",300380,UBICAR,16/01/2026 00:39:00,1,114.74,En stock,300
560213,FLX-CHE-ADH-H02642,"ZYMET,UA-2605-BT2,SYR,30,CC;AD",300380,UBICAR,16/01/2026 00:39:00,1,114.74,En stock,300
560214,FLX-CHE-ADH-H02642,"ZYMET,UA-2605-BT2,SYR,30,CC;AD",300380,UBICAR,16/01/2026 00:39:00,1,114.74,En stock,300
560215,FLX-CHE-ADH-H02642,"ZYMET,UA-2605-BT2,SYR,30,CC;AD",300380,UBICAR,16/01/2026 00:39:00,1,114.74,En stock,300
560216,FLX-CHE-ADH-H02642,"ZYMET,UA-2605-BT2,SYR,30,CC;AD",300380,UBICAR,16/01/2026 00:39:00,1,114.74,En stock,300
560217,FLX-CHE-ADH-H02642,"ZYMET,UA-2605-BT2,SYR,30,CC;AD",300380,UBICAR,16/01/2026 00:39:00,1,114.74,En stock,300
560218,FLX-CHE-ADH-H02642,"ZYMET,UA-2605-BT2,SYR,30,CC;AD",300380,UBICAR,16/01/2026 00:39:00,1,114.74,En stock,300
560219,FLX-CHE-ADH-H02642,"ZYMET,UA-2605-BT2,SYR,30,CC;AD",300380,UBICAR,16/01/2026 00:39:00,1,114.74,En stock,300
560220,FLX-CHE-ADH-H02642,"ZYMET,UA-2605-BT2,SYR,30,CC;AD",300380,UBICAR,16/01/2026 00:39:00,1,114.74,En stock,300
560221,FLX-CHE-ADH-H02642,"ZYMET,UA-2605-BT2,SYR,30,CC;AD",300380,UBICAR,16/01/2026 00:39:00,1,114.74,En stock,300
560222,FLX-CHE-ADH-H02642,"ZYMET,UA-2605-BT2,SYR,30,CC;AD",300380,UBICAR,16/01/2026 00:39:00,1,114.74,En stock,300
558262,FLX-SDR-BAR-H00032,"Sn100C-EXT,NIHON",300380,UBICAR,02/10/2025 21:45:00,25,27.68,En stock,300
558266,FLX-SDR-BAR-H00032,"Sn100C-EXT,NIHON",300380,UBICAR,02/10/2025 21:46:00,25,27.68,En stock,300
558267,FLX-SDR-BAR-H00032,"Sn100C-EXT,NIHON",300380,UBICAR,02/10/2025 21:46:00,25,27.68,En stock,300
558270,FLX-SDR-BAR-H00032,"Sn100C-EXT,NIHON",300380,UBICAR,02/10/2025 21:46:00,25,27.68,En stock,300
558271,FLX-SDR-BAR-H00032,"Sn100C-EXT,NIHON",300380,UBICAR,02/10/2025 21:46:00,25,27.68,En stock,300
558272,FLX-SDR-BAR-H00032,"Sn100C-EXT,NIHON",300380,UBICAR,02/10/2025 21:46:00,25,27.68,En stock,300
558275,FLX-SDR-BAR-H00032,"Sn100C-EXT,NIHON",300380,UBICAR,02/10/2025 21:46:00,25,27.68,En stock,300
558276,FLX-SDR-BAR-H00032,"Sn100C-EXT,NIHON",300380,UBICAR,02/10/2025 21:46:00,25,27.68,En stock,300
558277,FLX-SDR-BAR-H00032,"Sn100C-EXT,NIHON",300380,UBICAR,02/10/2025 21:46:00,25,27.68,En stock,300
558280,FLX-SDR-BAR-H00032,"Sn100C-EXT,NIHON",300380,UBICAR,02/10/2025 21:46:00,25,27.68,En stock,300
558281,FLX-SDR-BAR-H00032,"Sn100C-EXT,NIHON",300380,UBICAR,02/10/2025 21:46:00,25,27.68,En stock,300
558285,FLX-SDR-BAR-H00032,"Sn100C-EXT,NIHON",300380,UBICAR,02/10/2025 21:46:00,25,27.68,En stock,300
558286,FLX-SDR-BAR-H00032,"Sn100C-EXT,NIHON",300380,UBICAR,02/10/2025 21:46:00,25,27.68,En stock,300
558287,FLX-SDR-BAR-H00032,"Sn100C-EXT,NIHON",300380,UBICAR,02/10/2025 21:46:00,25,27.68,En stock,300
558290,FLX-SDR-BAR-H00032,"Sn100C-EXT,NIHON",300380,UBICAR,02/10/2025 21:46:00,25,27.68,En stock,300
558291,FLX-SDR-BAR-H00032,"Sn100C-EXT,NIHON",300380,UBICAR,02/10/2025 21:46:00,25,27.68,En stock,300
558292,FLX-SDR-BAR-H00032,"Sn100C-EXT,NIHON",300380,UBICAR,02/10/2025 21:46:00,25,27.68,En stock,300
558295,FLX-SDR-BAR-H00032,"Sn100C-EXT,NIHON",300380,UBICAR,02/10/2025 21:46:00,25,27.68,En stock,300
558296,FLX-SDR-BAR-H00032,"Sn100C-EXT,NIHON",300380,UBICAR,02/10/2025 21:46:00,25,27.68,En stock,300
558297,FLX-SDR-BAR-H00032,"Sn100C-EXT,NIHON",300380,UBICAR,02/10/2025 21:46:00,25,27.68,En stock,300
559776,FLX-SDR-BAR-H00019,"SAC305,AIM",300380,UBICAR,,25,34.921,En stock,300
562930,FLX-CHE-CLN-H00115,"CLNR,ACL-2003,BTL,0.25gal",300380,UBICAR,,4,7.74,En stock,300
569499,FLX-CHE-FLX-H00047,"KESTER-985M,N,FX,AL,BTL,20L",300380,UBICAR,,5,28.09,En stock,300
560831,FLX-CHE-ADH-H00250,"INSTANTADH,HENKEL-444,BTL,20g",300380,UBICAR,03/01/2026 16:58:00,1,9.8,En stock,300
560833,FLX-CHE-ADH-H00250,"INSTANTADH,HENKEL-444,BTL,20g",300380,UBICAR,03/01/2026 16:59:00,1,9.8,En stock,300
560858,FLX-CHE-ADH-H00250,"INSTANTADH,HENKEL-444,BTL,20g",300380,UBICAR,03/01/2026 16:59:00,1,9.8,En stock,300
560863,FLX-CHE-ADH-H00250,"INSTANTADH,HENKEL-444,BTL,20g",300380,UBICAR,03/01/2026 16:59:00,1,9.8,En stock,300
560868,FLX-CHE-ADH-H00250,"INSTANTADH,HENKEL-444,BTL,20g",300380,UBICAR,03/01/2026 16:59:00,1,9.8,En stock,300
560878,FLX-CHE-ADH-H00250,"INSTANTADH,HENKEL-444,BTL,20g",300380,UBICAR,03/01/2026 16:59:00,1,9.8,En stock,300
560885,FLX-CHE-ADH-H00250,"INSTANTADH,HENKEL-444,BTL,20g",300380,UBICAR,03/01/2026 16:59:00,1,9.8,En stock,300
560894,FLX-CHE-ADH-H00250,"INSTANTADH,HENKEL-444,BTL,20g",300380,UBICAR,03/01/2026 17:00:00,1,9.8,En stock,300
538896,FLX-CHE-ADH-H00167,"ACCER,HENKEL-7387,BTL,52ml",300380,UBICAR,02/02/2026 02:58:00,1,17.84,En stock,300
556250,FLX-SDR-BAR-N00012,"Sn63Pb37,MIX",300380,UBICAR,12/10/2026 23:00:00,25,10.55,En stock,300
556251,FLX-SDR-BAR-N00012,"Sn63Pb37,MIX",300380,UBICAR,12/10/2026 23:00:00,25,10.55,En stock,300
556252,FLX-SDR-BAR-N00012,"Sn63Pb37,MIX",300380,UBICAR,12/10/2026 23:00:00,25,10.55,En stock,300
556253,FLX-SDR-BAR-N00012,"Sn63Pb37,MIX",300380,UBICAR,12/10/2026 23:00:00,25,10.55,En stock,300
556254,FLX-SDR-BAR-N00012,"Sn63Pb37,MIX",300380,UBICAR,12/10/2026 23:00:00,25,10.55,En stock,300
556255,FLX-SDR-BAR-N00012,"Sn63Pb37,MIX",300380,UBICAR,12/10/2026 23:00:00,25,10.55,En stock,300
556256,FLX-SDR-BAR-N00012,"Sn63Pb37,MIX",300380,UBICAR,12/10/2026 23:00:00,25,10.55,En stock,300
556257,FLX-SDR-BAR-N00012,"Sn63Pb37,MIX",300380,UBICAR,12/10/2026 23:00:00,25,10.55,En stock,300
556258,FLX-SDR-BAR-N00012,"Sn63Pb37,MIX",300380,UBICAR,12/10/2026 23:00:00,25,10.55,En stock,300
556259,FLX-SDR-BAR-N00012,"Sn63Pb37,MIX",300380,UBICAR,12/10/2026 23:00:00,25,10.55,En stock,300
556260,FLX-SDR-BAR-N00012,"Sn63Pb37,MIX",300380,UBICAR,12/10/2026 23:00:00,25,10.55,En stock,300
556261,FLX-SDR-BAR-N00012,"Sn63Pb37,MIX",300380,UBICAR,12/10/2026 23:00:00,25,10.55,En stock,300
556262,FLX-SDR-BAR-N00012,"Sn63Pb37,MIX",300380,UBICAR,12/10/2026 23:00:00,25,10.55,En stock,300
556263,FLX-SDR-BAR-N00012,"Sn63Pb37,MIX",300380,UBICAR,12/10/2026 23:00:00,25,10.55,En stock,300
556264,FLX-SDR-BAR-N00012,"Sn63Pb37,MIX",300380,UBICAR,12/10/2026 23:00:00,25,10.55,En stock,300
556265,FLX-SDR-BAR-N00012,"Sn63Pb37,MIX",300380,UBICAR,12/10/2026 23:00:00,25,10.55,En stock,300
556266,FLX-SDR-BAR-N00012,"Sn63Pb37,MIX",300380,UBICAR,12/10/2026 23:00:00,25,10.55,En stock,300
556267,FLX-SDR-BAR-N00012,"Sn63Pb37,MIX",300380,UBICAR,12/10/2026 23:00:00,25,10.55,En stock,300
556268,FLX-SDR-BAR-N00012,"Sn63Pb37,MIX",300380,UBICAR,12/10/2026 23:00:00,25,10.55,En stock,300
556269,FLX-SDR-BAR-N00012,"Sn63Pb37,MIX",300380,UBICAR,12/10/2026 23:00:00,25,10.55,En stock,300
558859,FLX-CHE-ADH-H02706,"UA2605B,SYRINGE,30,CC;EPOXY",300380,UBICAR,,1,103.59,En stock,300
558860,FLX-CHE-ADH-H02706,"UA2605B,SYRINGE,30,CC;EPOXY",300380,UBICAR,,1,103.59,En stock,300
558858,FLX-CHE-ADH-H02706,"UA2605B,SYRINGE,30,CC;EPOXY",300380,UBICAR,,1,103.59,En stock,300
558861,FLX-CHE-ADH-H02706,"UA2605B,SYRINGE,30,CC;EPOXY",300380,UBICAR,,1,103.59,En stock,300
558862,FLX-CHE-ADH-H02706,"UA2605B,SYRINGE,30,CC;EPOXY",300380,UBICAR,,1,103.59,En stock,300
558864,FLX-CHE-ADH-H02706,"UA2605B,SYRINGE,30,CC;EPOXY",300380,UBICAR,,1,103.59,En stock,300
558865,FLX-CHE-ADH-H02706,"UA2605B,SYRINGE,30,CC;EPOXY",300380,UBICAR,,1,103.59,En stock,300
558866,FLX-CHE-ADH-H02706,"UA2605B,SYRINGE,30,CC;EPOXY",300380,UBICAR,,1,103.59,En stock,300
558868,FLX-CHE-ADH-H02706,"UA2605B,SYRINGE,30,CC;EPOXY",300380,UBICAR,,1,103.59,En stock,300
558869,FLX-CHE-ADH-H02706,"UA2605B,SYRINGE,30,CC;EPOXY",300380,UBICAR,,1,103.59,En stock,300
569467,FLX-CHE-FLX-H00047,"KESTER-985M,N,FX,AL,BTL,20L",300380,UBICAR,,5,28.09,En stock,300
569469,FLX-CHE-FLX-H00047,"KESTER-985M,N,FX,AL,BTL,20L",300380,UBICAR,,5,28.09,En stock,300
568448,FLX-CHE-FLX-H00102,"KESTER-951,N,ORL0,AL,PEN,10L",300380,UBICAR,12/05/2025 00:00:00,1,5.73,En stock,300
568464,FLX-CHE-FLX-H00102,"KESTER-951,N,ORL0,AL,PEN,10L",300380,UBICAR,12/05/2025 00:00:00,1,5.73,En stock,300
568452,FLX-CHE-FLX-H00102,"KESTER-951,N,ORL0,AL,PEN,10L",300380,UBICAR,12/05/2025 00:00:00,1,5.73,En stock,300
568457,FLX-CHE-FLX-H00102,"KESTER-951,N,ORL0,AL,PEN,10L",300380,UBICAR,12/05/2025 00:00:00,1,5.73,En stock,300
568466,FLX-CHE-FLX-H00102,"KESTER-951,N,ORL0,AL,PEN,10L",300380,UBICAR,12/05/2025 00:00:00,1,5.73,En stock,300
568552,FLX-CHE-FLX-H00102,"KESTER-951,N,ORL0,AL,PEN,10L",300380,UBICAR,12/05/2025 00:00:00,1,5.73,En stock,300
568553,FLX-CHE-FLX-H00102,"KESTER-951,N,ORL0,AL,PEN,10L",300380,UBICAR,12/05/2025 00:00:00,1,5.73,En stock,300
568456,FLX-CHE-FLX-H00102,"KESTER-951,N,ORL0,AL,PEN,10L",300380,UBICAR,12/05/2025 00:00:00,1,5.73,En stock,300
568449,FLX-CHE-FLX-H00102,"KESTER-951,N,ORL0,AL,PEN,10L",300380,UBICAR,12/05/2025 00:00:00,1,5.73,En stock,300
568455,FLX-CHE-FLX-H00102,"KESTER-951,N,ORL0,AL,PEN,10L",300380,UBICAR,12/05/2025 00:00:00,1,5.73,En stock,300
568462,FLX-CHE-FLX-H00102,"KESTER-951,N,ORL0,AL,PEN,10L",300380,UBICAR,12/05/2025 00:00:00,1,5.73,En stock,300
568549,FLX-CHE-FLX-H00102,"KESTER-951,N,ORL0,AL,PEN,10L",300380,UBICAR,12/05/2025 00:00:00,1,5.73,En stock,300
568459,FLX-CHE-FLX-H00102,"KESTER-951,N,ORL0,AL,PEN,10L",300380,UBICAR,12/05/2025 00:00:00,1,5.73,En stock,300
568556,FLX-CHE-FLX-H00102,"KESTER-951,N,ORL0,AL,PEN,10L",300380,UBICAR,12/05/2025 00:00:00,1,5.73,En stock,300
568558,FLX-CHE-FLX-H00102,"KESTER-951,N,ORL0,AL,PEN,10L",300380,UBICAR,12/05/2025 00:00:00,1,5.73,En stock,300
568555,FLX-CHE-FLX-H00102,"KESTER-951,N,ORL0,AL,PEN,10L",300380,UBICAR,12/05/2025 00:00:00,1,5.73,En stock,300
568551,FLX-CHE-FLX-H00102,"KESTER-951,N,ORL0,AL,PEN,10L",300380,UBICAR,12/05/2025 00:00:00,1,5.73,En stock,300
568554,FLX-CHE-FLX-H00102,"KESTER-951,N,ORL0,AL,PEN,10L",300380,UBICAR,12/05/2025 00:00:00,1,5.73,En stock,300
568550,FLX-CHE-FLX-H00102,"KESTER-951,N,ORL0,AL,PEN,10L",300380,UBICAR,12/05/2025 00:00:00,1,5.73,En stock,300
568562,FLX-CHE-FLX-H00102,"KESTER-951,N,ORL0,AL,PEN,10L",300380,UBICAR,12/05/2025 00:00:00,1,5.73,En stock,300
554585,FLX-CHE-FLX-H00102,"KESTER-951,N,ORL0,AL,PEN,10L",300380,UBICAR,10/08/2025 00:00:00,1,5.73,En stock,300
554499,FLX-CHE-FLX-H00102,"KESTER-951,N,ORL0,AL,PEN,10L",300380,UBICAR,10/08/2025 00:00:00,1,5.73,En stock,300
554533,FLX-CHE-FLX-H00102,"KESTER-951,N,ORL0,AL,PEN,10L",300380,UBICAR,10/08/2025 00:00:00,1,5.73,En stock,300
554521,FLX-CHE-FLX-H00102,"KESTER-951,N,ORL0,AL,PEN,10L",300380,UBICAR,10/08/2025 00:00:00,1,5.73,En stock,300
554562,FLX-CHE-FLX-H00102,"KESTER-951,N,ORL0,AL,PEN,10L",300380,UBICAR,10/08/2025 00:00:00,1,5.73,En stock,300
554574,FLX-CHE-FLX-H00102,"KESTER-951,N,ORL0,AL,PEN,10L",300380,UBICAR,10/08/2025 00:00:00,1,5.73,En stock,300
540747,FLX-CHE-FLX-H00102,"KESTER-951,N,ORL0,AL,PEN,10L",300380,UBICAR,09/09/2025 00:00:00,1,5.73,En stock,300
540755,FLX-CHE-FLX-H00102,"KESTER-951,N,ORL0,AL,PEN,10L",300380,UBICAR,09/09/2025 00:00:00,1,5.73,En stock,300
558000,FLX-CHE-CLN-N00168,"LOWVOCFLOORFINISH,DESCO10551,B",300380,UBICAR,09/03/2026 14:40:00,1,178.9,En stock,300
558002,FLX-CHE-CLN-N00168,"LOWVOCFLOORFINISH,DESCO10551,B",300380,UBICAR,09/03/2026 14:40:00,1,178.9,En stock,300
563839,FLX-CHE-FLX-H02323,"FCT-SOLDER,NC26,NO-CLEAN,ROL0,",300380,UBICAR,,1,16.5,En stock,300
563843,FLX-CHE-FLX-H02323,"FCT-SOLDER,NC26,NO-CLEAN,ROL0,",300380,UBICAR,,1,16.5,En stock,300
563848,FLX-CHE-FLX-H02323,"FCT-SOLDER,NC26,NO-CLEAN,ROL0,",300380,UBICAR,,1,16.5,En stock,300
563857,FLX-CHE-FLX-H02323,"FCT-SOLDER,NC26,NO-CLEAN,ROL0,",300380,UBICAR,,1,16.5,En stock,300
563875,FLX-CHE-FLX-H02323,"FCT-SOLDER,NC26,NO-CLEAN,ROL0,",300380,UBICAR,,1,16.5,En stock,300
563886,FLX-CHE-FLX-H02323,"FCT-SOLDER,NC26,NO-CLEAN,ROL0,",300380,UBICAR,,1,16.5,En stock,300
563913,FLX-CHE-FLX-H02323,"FCT-SOLDER,NC26,NO-CLEAN,ROL0,",300380,UBICAR,,1,16.5,En stock,300
563918,FLX-CHE-FLX-H02323,"FCT-SOLDER,NC26,NO-CLEAN,ROL0,",300380,UBICAR,,1,16.5,En stock,300
559117,FLX-CHE-CLN-H02071,"ZESTRON SW,PAIL,25LTS,0800-002",300380,UBICAR,01/08/2030 20:19:00,1,475.05,En stock,300
563978,FLX-CHE-FLX-H02323,"FCT-SOLDER,NC26,NO-CLEAN,ROL0,",300380,UBICAR,,1,16.5,En stock,300
563980,FLX-CHE-FLX-H02323,"FCT-SOLDER,NC26,NO-CLEAN,ROL0,",300380,UBICAR,,1,16.5,En stock,300
563993,FLX-CHE-FLX-H02323,"FCT-SOLDER,NC26,NO-CLEAN,ROL0,",300380,UBICAR,,1,16.5,En stock,300
563807,FLX-CHE-FLX-H02323,"FCT-SOLDER,NC26,NO-CLEAN,ROL0,",300380,UBICAR,,1,16.5,En stock,300
563809,FLX-CHE-FLX-H02323,"FCT-SOLDER,NC26,NO-CLEAN,ROL0,",300380,UBICAR,,1,16.5,En stock,300
563813,FLX-CHE-FLX-H02323,"FCT-SOLDER,NC26,NO-CLEAN,ROL0,",300380,UBICAR,,1,16.5,En stock,300
563814,FLX-CHE-FLX-H02323,"FCT-SOLDER,NC26,NO-CLEAN,ROL0,",300380,UBICAR,,1,16.5,En stock,300
563815,FLX-CHE-FLX-H02323,"FCT-SOLDER,NC26,NO-CLEAN,ROL0,",300380,UBICAR,,1,16.5,En stock,300
563816,FLX-CHE-FLX-H02323,"FCT-SOLDER,NC26,NO-CLEAN,ROL0,",300380,UBICAR,,1,16.5,En stock,300
563819,FLX-CHE-FLX-H02323,"FCT-SOLDER,NC26,NO-CLEAN,ROL0,",300380,UBICAR,,1,16.5,En stock,300
563824,FLX-CHE-FLX-H02323,"FCT-SOLDER,NC26,NO-CLEAN,ROL0,",300380,UBICAR,,1,16.5,En stock,300
563829,FLX-CHE-FLX-H02323,"FCT-SOLDER,NC26,NO-CLEAN,ROL0,",300380,UBICAR,,1,16.5,En stock,300
569398,FLX-CHE-CLN-H00115,"CLNR,ACL-2003,BTL,0.25gal",300380,UBICAR,,7,7.74,En stock,300
569403,FLX-CHE-CLN-H00115,"CLNR,ACL-2003,BTL,0.25gal",300380,UBICAR,,12,7.74,En stock,300
558014,FLX-CHE-CLN-H02071,"ZESTRON SW,PAIL,25LTS,0800-002",300380,UBICAR,01/03/2030 17:49:00,1,475.05,En stock,300
570858,FLX-CHE-ADH-H00250,"INSTANTADH,HENKEL-444,BTL,20g",300380,UBICAR,04/01/2026 23:01:00,1,9.8,En stock,300
570848,FLX-CHE-ADH-H00250,"INSTANTADH,HENKEL-444,BTL,20g",300380,UBICAR,07/01/2026 22:56:00,1,9.8,En stock,300
570857,FLX-CHE-ADH-H00250,"INSTANTADH,HENKEL-444,BTL,20g",300380,UBICAR,04/01/2026 23:00:00,1,9.8,En stock,300
570859,FLX-CHE-ADH-H00250,"INSTANTADH,HENKEL-444,BTL,20g",300380,UBICAR,04/01/2026 23:01:00,0,9.8,Surtido,300
570860,FLX-CHE-ADH-H00250,"INSTANTADH,HENKEL-444,BTL,20g",300380,UBICAR,04/01/2026 23:01:00,1,9.8,En stock,300
570861,FLX-CHE-ADH-H00250,"INSTANTADH,HENKEL-444,BTL,20g",300380,UBICAR,01/04/2026 23:01:00,1,9.8,En stock,300
570862,FLX-CHE-ADH-H00250,"INSTANTADH,HENKEL-444,BTL,20g",300380,UBICAR,01/04/2026 23:01:00,1,9.8,En stock,300
570893,FLX-CHE-ADH-H00250,"INSTANTADH,HENKEL-444,BTL,20g",300380,UBICAR,01/04/2026 23:01:00,1,9.8,En stock,300
570894,FLX-CHE-ADH-H00250,"INSTANTADH,HENKEL-444,BTL,20g",300380,UBICAR,01/04/2026 23:01:00,1,9.8,En stock,300
570895,FLX-CHE-ADH-H00250,"INSTANTADH,HENKEL-444,BTL,20g",300380,UBICAR,04/01/2026 23:01:00,1,9.8,En stock,300
544387,FLX-SDR-PST-H00228,"SAC-305,INDIUM-PASTEOT-800495,",300380,UBICAR,12/11/2025 22:43:00,600,0.1106,En stock,300
544388,FLX-SDR-PST-H00228,"SAC-305,INDIUM-PASTEOT-800495,",300380,UBICAR,12/11/2025 22:43:00,600,0.1106,En stock,300
544389,FLX-SDR-PST-H00228,"SAC-305,INDIUM-PASTEOT-800495,",300380,UBICAR,12/11/2025 22:43:00,600,0.1106,En stock,300
544390,FLX-SDR-PST-H00228,"SAC-305,INDIUM-PASTEOT-800495,",300380,UBICAR,12/11/2025 22:43:00,600,0.1106,En stock,300
544391,FLX-SDR-PST-H00228,"SAC-305,INDIUM-PASTEOT-800495,",300380,UBICAR,12/11/2025 22:43:00,600,0.1106,En stock,300
544392,FLX-SDR-PST-H00228,"SAC-305,INDIUM-PASTEOT-800495,",300380,UBICAR,12/11/2025 22:43:00,600,0.1106,En stock,300
544393,FLX-SDR-PST-H00228,"SAC-305,INDIUM-PASTEOT-800495,",300380,UBICAR,12/11/2025 22:43:00,600,0.1106,En stock,300
544394,FLX-SDR-PST-H00228,"SAC-305,INDIUM-PASTEOT-800495,",300380,UBICAR,12/11/2025 22:43:00,600,0.1106,En stock,300
544395,FLX-SDR-PST-H00228,"SAC-305,INDIUM-PASTEOT-800495,",300380,UBICAR,12/11/2025 22:43:00,600,0.1106,En stock,300
544396,FLX-SDR-PST-H00228,"SAC-305,INDIUM-PASTEOT-800495,",300380,UBICAR,12/11/2025 22:43:00,600,0.1106,En stock,300
544397,FLX-SDR-PST-H00228,"SAC-305,INDIUM-PASTEOT-800495,",300380,UBICAR,12/11/2025 22:43:00,600,0.1106,En stock,300
544398,FLX-SDR-PST-H00228,"SAC-305,INDIUM-PASTEOT-800495,",300380,UBICAR,12/11/2025 22:43:00,600,0.1106,En stock,300
544399,FLX-SDR-PST-H00228,"SAC-305,INDIUM-PASTEOT-800495,",300380,UBICAR,12/11/2025 22:43:00,600,0.1106,En stock,300
544400,FLX-SDR-PST-H00228,"SAC-305,INDIUM-PASTEOT-800495,",300380,UBICAR,12/11/2025 22:43:00,600,0.1106,En stock,300
544401,FLX-SDR-PST-H00228,"SAC-305,INDIUM-PASTEOT-800495,",300380,UBICAR,12/11/2025 22:43:00,600,0.1106,En stock,300
544402,FLX-SDR-PST-H00228,"SAC-305,INDIUM-PASTEOT-800495,",300380,UBICAR,12/11/2025 22:43:00,600,0.1106,En stock,300
544403,FLX-SDR-PST-H00228,"SAC-305,INDIUM-PASTEOT-800495,",300380,UBICAR,12/11/2025 22:43:00,600,0.1106,En stock,300
544404,FLX-SDR-PST-H00228,"SAC-305,INDIUM-PASTEOT-800495,",300380,UBICAR,12/11/2025 22:43:00,600,0.1106,En stock,300
544405,FLX-SDR-PST-H00228,"SAC-305,INDIUM-PASTEOT-800495,",300380,UBICAR,12/11/2025 22:43:00,600,0.1106,En stock,300
544406,FLX-SDR-PST-H00228,"SAC-305,INDIUM-PASTEOT-800495,",300380,UBICAR,12/11/2025 22:43:00,600,0.1106,En stock,300
560909,FLX-SDR-BAR-N00012,"Sn63Pb37,MIX",300380,UBICAR,01/05/2027 21:08:00,25,10.55,En stock,300
560916,FLX-SDR-BAR-N00012,"Sn63Pb37,MIX",300380,UBICAR,01/05/2027 21:08:00,25,10.55,En stock,300
560920,FLX-SDR-BAR-N00012,"Sn63Pb37,MIX",300380,UBICAR,01/05/2027 21:08:00,25,10.55,En stock,300
560928,FLX-SDR-BAR-N00012,"Sn63Pb37,MIX",300380,UBICAR,01/05/2027 21:08:00,25,10.55,En stock,300
560931,FLX-SDR-BAR-N00012,"Sn63Pb37,MIX",300380,UBICAR,01/05/2027 21:10:00,25,10.55,En stock,300
560937,FLX-SDR-BAR-N00012,"Sn63Pb37,MIX",300380,UBICAR,01/05/2027 21:10:00,25,10.55,En stock,300
560938,FLX-SDR-BAR-N00012,"Sn63Pb37,MIX",300380,UBICAR,01/05/2027 21:10:00,25,10.55,En stock,300
560939,FLX-SDR-BAR-N00012,"Sn63Pb37,MIX",300380,UBICAR,01/05/2027 21:10:00,25,10.55,En stock,300
560940,FLX-SDR-BAR-N00012,"Sn63Pb37,MIX",300380,UBICAR,01/05/2027 21:10:00,25,10.55,En stock,300
560942,FLX-SDR-BAR-N00012,"Sn63Pb37,MIX",300380,UBICAR,01/05/2027 21:10:00,25,10.55,En stock,300
560943,FLX-SDR-BAR-N00012,"Sn63Pb37,MIX",300380,UBICAR,01/05/2027 21:10:00,25,10.55,En stock,300
560946,FLX-SDR-BAR-N00012,"Sn63Pb37,MIX",300380,UBICAR,01/05/2027 21:10:00,25,10.55,En stock,300
560850,FLX-CHE-ADH-H00250,"INSTANTADH,HENKEL-444,BTL,20g",300380,UBICAR,03/01/2026 16:59:00,1,9.8,En stock,300
560893,FLX-CHE-ADH-H00250,"INSTANTADH,HENKEL-444,BTL,20g",300380,UBICAR,03/01/2026 17:00:00,1,9.8,En stock,300
572701,FLX-CHE-ADH-H02642,"ZYMET,UA-2605-BT2,SYR,30,CC;AD",300380,UBICAR,28/02/2026 23:16:00,1,114.74,En stock,300
572702,FLX-CHE-ADH-H02642,"ZYMET,UA-2605-BT2,SYR,30,CC;AD",300380,UBICAR,28/02/2026 23:16:00,1,114.74,En stock,300
572703,FLX-CHE-ADH-H02642,"ZYMET,UA-2605-BT2,SYR,30,CC;AD",300380,UBICAR,28/02/2026 23:16:00,1,114.74,En stock,300
572704,FLX-CHE-ADH-H02642,"ZYMET,UA-2605-BT2,SYR,30,CC;AD",300380,UBICAR,28/02/2026 23:16:00,1,114.74,En stock,300
572705,FLX-CHE-ADH-H02642,"ZYMET,UA-2605-BT2,SYR,30,CC;AD",300380,UBICAR,28/02/2026 23:16:00,1,114.74,En stock,300
572706,FLX-CHE-ADH-H02642,"ZYMET,UA-2605-BT2,SYR,30,CC;AD",300380,UBICAR,28/02/2026 23:16:00,1,114.74,En stock,300
572707,FLX-CHE-ADH-H02642,"ZYMET,UA-2605-BT2,SYR,30,CC;AD",300380,UBICAR,28/02/2026 23:16:00,1,114.74,En stock,300
572708,FLX-CHE-ADH-H02642,"ZYMET,UA-2605-BT2,SYR,30,CC;AD",300380,UBICAR,28/02/2026 23:16:00,1,114.74,En stock,300
572709,FLX-CHE-ADH-H02642,"ZYMET,UA-2605-BT2,SYR,30,CC;AD",300380,UBICAR,28/02/2026 23:16:00,1,114.74,En stock,300
572710,FLX-CHE-ADH-H02642,"ZYMET,UA-2605-BT2,SYR,30,CC;AD",300380,UBICAR,28/02/2026 23:16:00,1,114.74,En stock,300
572711,FLX-CHE-ADH-H02642,"ZYMET,UA-2605-BT2,SYR,30,CC;AD",300380,UBICAR,28/02/2026 23:16:00,1,114.74,En stock,300
570805,FLX-CHE-SOL-N00042,"OVERPEN,CHEMTRONICS-CW3300G,PE",300380,UBICAR,28/03/2027 21:31:00,1,19.94,En stock,300
570797,FLX-CHE-SOL-N00042,"OVERPEN,CHEMTRONICS-CW3300G,PE",300380,UBICAR,28/03/2027 21:29:00,1,19.94,En stock,300
570800,FLX-CHE-SOL-N00042,"OVERPEN,CHEMTRONICS-CW3300G,PE",300380,UBICAR,28/03/2027 21:29:00,1,19.94,En stock,300
570801,FLX-CHE-SOL-N00042,"OVERPEN,CHEMTRONICS-CW3300G,PE",300380,UBICAR,28/03/2027 21:29:00,1,19.94,En stock,300
570804,FLX-CHE-SOL-N00042,"OVERPEN,CHEMTRONICS-CW3300G,PE",300380,UBICAR,28/03/2027 21:31:00,1,19.94,En stock,300
570806,FLX-CHE-SOL-N00042,"OVERPEN,CHEMTRONICS-CW3300G,PE",300380,UBICAR,28/03/2027 21:31:00,1,19.94,En stock,300
570809,FLX-CHE-SOL-N00042,"OVERPEN,CHEMTRONICS-CW3300G,PE",300380,UBICAR,28/03/2027 21:31:00,1,19.94,En stock,300
570813,FLX-CHE-SOL-N00042,"OVERPEN,CHEMTRONICS-CW3300G,PE",300380,UBICAR,28/03/2027 21:31:00,1,19.94,En stock,300
572712,FLX-CHE-ADH-H02642,"ZYMET,UA-2605-BT2,SYR,30,CC;AD",300380,UBICAR,28/02/2026 23:16:00,1,114.74,En stock,300
572713,FLX-CHE-ADH-H02642,"ZYMET,UA-2605-BT2,SYR,30,CC;AD",300380,UBICAR,28/02/2026 23:16:00,1,114.74,En stock,300
572714,FLX-CHE-ADH-H02642,"ZYMET,UA-2605-BT2,SYR,30,CC;AD",300380,UBICAR,28/02/2026 23:16:00,1,114.74,En stock,300
572715,FLX-CHE-ADH-H02642,"ZYMET,UA-2605-BT2,SYR,30,CC;AD",300380,UBICAR,28/02/2026 23:17:00,1,114.74,En stock,300
572717,FLX-CHE-ADH-H02642,"ZYMET,UA-2605-BT2,SYR,30,CC;AD",300380,UBICAR,28/02/2026 23:17:00,1,114.74,En stock,300
572716,FLX-CHE-ADH-H02642,"ZYMET,UA-2605-BT2,SYR,30,CC;AD",300380,UBICAR,28/02/2026 23:17:00,1,114.74,En stock,300
572718,FLX-CHE-ADH-H02642,"ZYMET,UA-2605-BT2,SYR,30,CC;AD",300380,UBICAR,28/02/2026 23:17:00,1,114.74,En stock,300
572719,FLX-CHE-ADH-H02642,"ZYMET,UA-2605-BT2,SYR,30,CC;AD",300380,UBICAR,28/02/2026 23:17:00,1,114.74,En stock,300
572720,FLX-CHE-ADH-H02642,"ZYMET,UA-2605-BT2,SYR,30,CC;AD",300380,UBICAR,28/02/2026 23:17:00,1,114.74,En stock,300
572721,FLX-CHE-ADH-H02642,"ZYMET,UA-2605-BT2,SYR,30,CC;AD",300380,UBICAR,28/02/2026 23:17:00,1,114.74,En stock,300
572722,FLX-CHE-ADH-H02642,"ZYMET,UA-2605-BT2,SYR,30,CC;AD",300380,UBICAR,28/02/2026 23:17:00,1,114.74,En stock,300
572723,FLX-CHE-ADH-H02642,"ZYMET,UA-2605-BT2,SYR,30,CC;AD",300380,UBICAR,28/02/2026 23:17:00,1,114.74,En stock,300
572724,FLX-CHE-ADH-H02642,"ZYMET,UA-2605-BT2,SYR,30,CC;AD",300380,UBICAR,28/02/2026 23:17:00,1,114.74,En stock,300
572725,FLX-CHE-ADH-H02642,"ZYMET,UA-2605-BT2,SYR,30,CC;AD",300380,UBICAR,28/02/2026 23:17:00,1,114.74,En stock,300
572726,FLX-CHE-ADH-H02642,"ZYMET,UA-2605-BT2,SYR,30,CC;AD",300380,UBICAR,28/02/2026 23:17:00,1,114.74,En stock,300
572727,FLX-CHE-ADH-H02642,"ZYMET,UA-2605-BT2,SYR,30,CC;AD",300380,UBICAR,28/02/2026 23:17:00,1,114.74,En stock,300
572728,FLX-CHE-ADH-H02642,"ZYMET,UA-2605-BT2,SYR,30,CC;AD",300380,UBICAR,28/02/2026 23:17:00,1,114.74,En stock,300
572729,FLX-CHE-ADH-H02642,"ZYMET,UA-2605-BT2,SYR,30,CC;AD",300380,UBICAR,28/02/2026 23:17:00,1,114.74,En stock,300
572730,FLX-CHE-ADH-H02642,"ZYMET,UA-2605-BT2,SYR,30,CC;AD",300380,UBICAR,28/02/2026 23:17:00,1,114.74,En stock,300
572731,FLX-CHE-ADH-H02642,"ZYMET,UA-2605-BT2,SYR,30,CC;AD",300380,UBICAR,28/02/2026 23:17:00,1,114.74,En stock,300
572732,FLX-CHE-ADH-H02642,"ZYMET,UA-2605-BT2,SYR,30,CC;AD",300380,UBICAR,28/02/2026 23:17:00,1,114.74,En stock,300
572733,FLX-CHE-ADH-H02642,"ZYMET,UA-2605-BT2,SYR,30,CC;AD",300380,UBICAR,28/02/2026 23:17:00,1,114.74,En stock,300
572734,FLX-CHE-ADH-H02642,"ZYMET,UA-2605-BT2,SYR,30,CC;AD",300380,UBICAR,28/02/2026 23:17:00,1,114.74,En stock,300
572735,FLX-CHE-ADH-H02642,"ZYMET,UA-2605-BT2,SYR,30,CC;AD",300380,UBICAR,28/02/2026 23:17:00,1,114.74,En stock,300
572736,FLX-CHE-ADH-H02642,"ZYMET,UA-2605-BT2,SYR,30,CC;AD",300380,UBICAR,28/02/2026 23:17:00,1,114.74,En stock,300
572737,FLX-CHE-ADH-H02642,"ZYMET,UA-2605-BT2,SYR,30,CC;AD",300380,UBICAR,28/02/2026 23:17:00,1,114.74,En stock,300
572738,FLX-CHE-ADH-H02642,"ZYMET,UA-2605-BT2,SYR,30,CC;AD",300380,UBICAR,28/02/2026 23:17:00,1,114.74,En stock,300
572739,FLX-CHE-ADH-H02642,"ZYMET,UA-2605-BT2,SYR,30,CC;AD",300380,UBICAR,28/02/2026 23:17:00,1,114.74,En stock,300
572740,FLX-CHE-ADH-H02642,"ZYMET,UA-2605-BT2,SYR,30,CC;AD",300380,UBICAR,28/02/2026 23:17:00,1,114.74,En stock,300
572741,FLX-CHE-ADH-H02642,"ZYMET,UA-2605-BT2,SYR,30,CC;AD",300380,UBICAR,28/02/2026 23:17:00,1,114.74,En stock,300
572742,FLX-CHE-ADH-H02642,"ZYMET,UA-2605-BT2,SYR,30,CC;AD",300380,UBICAR,28/02/2026 23:17:00,1,114.74,En stock,300
572743,FLX-CHE-ADH-H02642,"ZYMET,UA-2605-BT2,SYR,30,CC;AD",300380,UBICAR,28/02/2026 23:17:00,1,114.74,En stock,300
572744,FLX-CHE-ADH-H02642,"ZYMET,UA-2605-BT2,SYR,30,CC;AD",300380,UBICAR,28/02/2026 23:17:00,1,114.74,En stock,300
572745,FLX-CHE-ADH-H02642,"ZYMET,UA-2605-BT2,SYR,30,CC;AD",300380,UBICAR,28/02/2026 23:17:00,1,114.74,En stock,300
